Name,Generated Text 1,F1 Score 1,Generated Text 2,F1 Score 2,Generated Text 3,F1 Score 3
Ben Shneiderman,"Ben Shneiderman is a prolific research contributor with a vast body of work. He has 400 publications to his name, including 208 journal articles and 197 proceedings papers. His contributions have spanned several decades, as his research has been published since 1972. With such a high number of publications, Shneiderman has made a significant impact in his field and has likely influenced numerous researchers and practitioners in related domains.",0.2653061224489796,"Ben Shneiderman is a prolific research contributor with 400 publications, including 208 journal articles and 197 proceedings papers since 1972.",0.5306122448979592,"Ben Shneiderman is a prolific research contributor with over 400 publications, including 208 journal articles and 197 proceedings papers. He has been active since 1972.",0.4814814814814815
Fabian Beck,"Fabian Beck is a research contributor who has made significant contributions to the academic field. He has published a total of 61 research papers since 2008. Among these, 17 are journal articles, indicating his ability to conduct extensive studies and his scholarly approach. Additionally, he has presented his research in various conferences or symposiums, resulting in 44 proceedings papers. This suggests that he actively participates in the academic community and values sharing his findings with fellow researchers. Fabian Beck's significant number of publications demonstrates his dedication to academic research and potentially indicates his expertise in a specific area of study.",0.12422360248447203,"Fabian Beck is a research contributor with 61 publications since 2008, including 17 journal articles and 44 proceedings papers.",0.3,"Fabian Beck is a prolific research contributor with 61 publications, including 17 journal articles and 44 proceedings papers since 2008.",0.29629629629629634
Mary Jean Harrold,"Mary Jean Harrold is a prolific research contributor who has made significant contributions to the field since 1989. With a total of 100 publications, including 41 journal articles and 105 proceedings papers, she has demonstrated her expertise and involvement in various research endeavors. Her extensive publication record highlights her dedication to disseminating her findings to a wider audience through both peer-reviewed journals and conference proceedings. Her substantial body of work suggests that she is an active and influential figure in her research community.",0.2831858407079646,"Mary Jean Harrold is a prolific research contributor with numerous publications. She has a total of 100 publications, including 41 journal articles and 105 proceedings papers, since the year 1989.",0.4333333333333333,"Mary Jean Harrold is a prolific research contributor with 100 publications, including 41 journal articles and 105 proceedings papers, since 1989.",0.5490196078431373
Stephan Diehl,"Stephan Diehl is a research contributor who has made significant contributions to the field of research. He has published a total of 100 papers, with 38 of them being journal articles and 89 being proceedings papers. These publications have been made since the year 1994, suggesting a long and productive research career. Diehl's extensive experience in publishing both in journals and conference proceedings demonstrates his ability to disseminate research findings effectively in different formats. Overall, Diehl's impressive publication record showcases his expertise and involvement in the scholarly community.",0.11188811188811189,"Stephan Diehl is a prolific research contributor with 100 publications, including 38 journal articles and 89 proceedings papers since 1994.",0.3466666666666667,"Stephan Diehl is a prolific researcher with over 100 publications since 1994, including 38 journal articles and 89 proceedings papers.",0.32
Daniel Weiskopf,"Daniel Weiskopf is a prolific research contributor with a significant body of work. He has published a total of 250 research articles since the year 1999. Of these, 122 are specifically journal articles, indicating that he frequently publishes his research in peer-reviewed academic journals. Additionally, Weiskopf has written 147 proceedings papers, suggesting that he actively participates in conferences and presents his findings to the academic community. Overall, his extensive publication record demonstrates his commitment to advancing research in his field.",0.11320754716981132,Daniel Weiskopf is a prolific research contributor with 250 publications spanning over two decades. He has authored 122 journal articles and 147 proceedings papers since 1999.,0.4230769230769231,"Daniel Weiskopf is a prolific research contributor with 250 publications to his name since 1999, including 122 journal articles and 147 proceedings papers.",0.4897959183673469
Michael Burch,"Michael Burch is a research contributor who has made significant contributions to the field of research over the years. He has published a total of 100 works, including both journal articles and proceedings papers. From the given information, it is known that he has published 23 journal articles since the year 2004 and 89 proceedings papers in that same time frame. This indicates a significant volume of research output and suggests that Burch is actively involved in his field of study.",0.15652173913043477,"Michael Burch is a prolific researcher with 100 publications. He has contributed to both journal articles and proceedings papers, with 23 and 89 publications respectively, since 2004.",0.32786885245901637,"Michael Burch is a prolific research contributor with 100 publications, including 23 journal articles and 89 proceedings papers, since 2004.",0.40740740740740733
James A. Jones,"James A. Jones is a research contributor who has published a total of 45 papers. Out of these, 5 are journal articles and 40 are proceedings papers. His research contributions extend back to 1998.",0.26262626262626265,"James A. Jones is a prolific researcher with a total of 45 publications since 1998. He has published 5 journal articles and 40 proceedings papers, indicating a strong presence in academic conferences.",0.28865979381443296,"James A. Jones is a prolific researcher with 45 publications since 1998, including 5 journal articles and 40 proceedings papers.",0.32941176470588235
Catherine Plaisant,"Catherine Plaisant is a highly prolific and influential research contributor in her field. With a total of 150 publications, she has made significant contributions to the academic community. Her publication record includes 60 journal articles, indicating a strong focus on rigorous peer-reviewed research. Since the year 1988, Plaisant has consistently produced scholarly work, demonstrating her commitment to advancing knowledge in her domain. Additionally, she has presented her research findings in 94 proceedings papers, suggesting active participation in conferences and sharing her work with a broader audience. Overall, Catherine Plaisant's extensive publication record showcases her expertise and dedication to making substantive contributions to her field of study.",0.14814814814814814,"Catherine Plaisant is a prolific research contributor with 150 publications, including 60 journal articles and 94 proceedings papers since 1988.",0.5306122448979592,"Catherine Plaisant is a prolific research contributor with 150 publications since 1988. Among her works, she has authored 60 journal articles and 94 proceedings papers.",0.5555555555555555
Benjamin B. Bederson,"Benjamin B. Bederson is a prolific researcher who has made significant contributions to the field of his expertise. He has published a total of 100 papers since 1992, showcasing his extensive knowledge and dedication to research.

Of these publications, 43 are journal articles, which highlights Benjamin B. Bederson's preference for publishing in well-established and respected scientific journals. Journal articles are typically subjected to rigorous peer review, indicating that his work has been scrutinized by experts in the field.

Additionally, Benjamin B. Bederson has contributed 76 proceedings papers. Proceedings papers are typically published as a part of conference proceedings and often showcase cutting-edge research and innovative ideas. The large number of proceedings papers suggests that he actively participates in conferences and events within his field.

Overall, Benjamin B. Bederson's 100 publications demonstrate his commitment to advancing knowledge within his field and his ability to collaborate and share his research findings through various platforms.",0.09375,"Benjamin B. Bederson is a prolific research contributor with a strong presence in the academic world. With a total of 100 publications, including 43 journal articles and 76 proceedings papers, Bederson has been active since 1992.",0.368421052631579,"Benjamin B. Bederson is a prolific research contributor with a total of 100 publications, including 43 journal articles and 76 proceedings papers, since 1992.",0.4375
Stuart K. Card,"Stuart K. Card is a research contributor who has published a total of 83 research papers since the year 1980 up until 2010. Out of these, 14 papers have been published in journals, while the remaining 69 papers have been published as proceedings papers in conferences or symposiums.",0.09876543209876544,"Stuart K. Card is a research contributor with 83 publications, including 14 journal articles and 69 proceedings papers, from 1980 to 2010.",0.2909090909090909,Stuart K. Card is a prolific researcher with 83 publications to their name. They have written 14 journal articles from 1980 to 2010 and have contributed 69 proceedings papers.,0.16129032258064516
Achim Ebert,"Achim Ebert is a prolific research contributor with 100 total publications to his credit. He has authored 9 journal articles and 107 proceedings papers since 1997. His research work spans across various fields, including academia and conference presentations. Overall, Achim Ebert has made significant contributions to academic literature and presented his findings at numerous conferences or seminars.",0.20689655172413793,Achim Ebert is a prolific research contributor with 100 publications. He has authored 9 journal articles since 1997 and has presented 107 proceedings papers.,0.2650602409638554,"Achim Ebert is a prolific research contributor with 100 publications, focusing on journal articles and proceedings papers since 1997. He has authored 9 journal articles and 107 proceedings papers.",0.29545454545454547
Mary C. Whitton,"Mary C. Whitton is a prolific research contributor who has published a total of 59 publications since the year 1984. Out of these publications, 18 are journal articles, indicating her engagement in academic discourse and contribution to the scholarly community. Additionally, she has presented 41 proceedings papers, suggesting her involvement in conferences and the dissemination of her research findings to a broader audience. Mary C. Whitton's significant research output demonstrates her dedication and active involvement in her field of study.",0.1818181818181818,"Mary C. Whitton is a significant research contributor with 59 publications, including 18 journal articles and 41 proceedings papers since 1984.",0.3835616438356165,"Mary C. Whitton is a research contributor with 59 publications, including 18 journal articles and 41 proceedings papers, starting from 1984.",0.35616438356164387
Henry Fuchs,"Henry Fuchs is a prolific research contributor with a total of 100 publications. He has written 30 journal articles since 1977, indicating a substantial contribution to academic literature in his field. Additionally, Fuchs has authored 105 proceedings papers, further demonstrating his active involvement in presenting research findings at conferences and symposiums. Overall, Fuchs' extensive publication record showcases his dedication to advancing knowledge and contributing to the scientific community's understanding of his area of specialization.",0.21359223300970873,"Henry Fuchs is an influential research contributor known for his extensive list of publications. With over 100 publications since 1977, including 30 journal articles and 105 proceedings papers, Fuchs has made significant contributions to the field.",0.4307692307692308,"Henry Fuchs is a prolific research contributor with over 100 publications since 1977, including 30 journal articles and 105 proceedings papers.",0.6
Dieter Schmalstieg,"Dieter Schmalstieg is a prolific research contributor with a significant number of publications. He has published a total of 300 research papers since 1994. Out of these, 99 are journal articles, indicating his expertise and contribution to the scientific community through rigorous peer-reviewed research. In addition, Schmalstieg has also published 203 proceedings papers, suggesting his involvement in conference presentations and sharing his work in academic events. Schmalstieg's research contributions and extensive publication record demonstrate his active involvement and impact in his field of study.",0.1592920353982301,"Dieter Schmalstieg is a prolific research contributor with 300 publications, including 99 journal articles, and 203 proceedings papers since 1994.",0.5306122448979592,"Dieter Schmalstieg is a prolific research contributor with 300 publications since 1994, including 99 journal articles and 203 proceedings papers.",0.6122448979591837
Anna Celler,"Anna Celler is a research contributor who has published a total of 14 research papers since the year 1999. Out of these publications, 6 are journal articles and 8 are proceedings papers.",0.3142857142857143,"Anna Celler is a research contributor who has 14 publications, including 6 journal articles and 8 proceedings papers, since 1999.",0.41379310344827586,"Anna Celler is a prolific research contributor with 14 publications, including 6 journal articles and 8 proceedings papers, since 1999.",0.41379310344827586
Ghassan Hamarneh,"Ghassan Hamarneh is a prolific research contributor who has published a total of 150 papers since the year 2000. Out of these publications, 60 are in the form of journal articles, indicating a strong focus on disseminating research findings through peer-reviewed channels. Additionally, Hamarneh has contributed significantly to conference proceedings, with 115 papers being published in this format. This suggests a dedication to presenting research findings at academic conferences and staying active in the research community. Overall, Hamarneh's extensive publication record demonstrates a commitment to advancing knowledge in their field.",0.06896551724137931,Ghassan Hamarneh is a prolific research contributor with 150 publications since the year 2000. These publications include 60 journal articles and 115 proceedings papers.,0.27848101265822783,"Ghassan Hamarneh is a prolific research contributor with a total of 150 publications since 2000. Among these, he has authored 60 journal articles and 115 proceedings papers.",0.29268292682926833
Xenophon Papademetris,"Xenophon Papademetris is a prolific research contributor with a total of 97 publications to his credit. Out of these, 36 are in the form of journal articles, indicating his expertise and involvement in the academic community. His contributions to the field are broad, spanning across different areas of study. Additionally, he has presented his research in various conferences and symposiums, with 61 of his publications being in the form of proceedings papers. This suggests that he actively disseminates his findings to a larger audience. It is worth mentioning that this information only accounts for his contributions since 1996, indicating a significant and ongoing engagement with research and academic work.",0.12500000000000003,Xenophon Papademetris is a prolific research contributor with 97 publications since 1996. He has authored 36 journal articles and 61 proceedings papers.,0.3561643835616438,"Xenophon Papademetris is a prolific research contributor with 97 publications since 1996, including 36 journal articles and 61 proceedings papers.",0.36619718309859156
Penny Rheingans,"Penny Rheingans is a research contributor who has made significant contributions in her field. She has published a total of 62 research papers since the year 1986. Out of these, 21 are journal articles and 41 are proceedings papers. Her extensive publication record indicates her dedication to advancing knowledge and sharing her findings with the academic community. The balance between journal articles and proceedings papers suggests that she engages in both theoretical and applied research, making her work relevant to both academia and industry. Overall, her substantial research output highlights her expertise and her commitment to contributing to her field.",0.17218543046357615,"Penny Rheingans is a prolific research contributor with a strong presence in academia. With 62 publications since 1986, she has published 21 journal articles and 41 proceedings papers, showcasing her expertise across multiple platforms.",0.3294117647058824,"Penny Rheingans is a prolific research contributor with 62 publications since 1986, including 21 journal articles and 41 proceedings papers.",0.36619718309859156
Marie desJardins,"Marie desJardins is a prolific research contributor with a total of 99 publications to her name. Out of these, 32 are journal articles and 67 are proceedings papers. Her research contributions span from the year 1991 to the present.",0.28205128205128205,Marie desJardins is a prominent research contributor with a total of 99 publications since 1991. She has published 32 journal articles and 67 proceedings papers.,0.4375,Marie desJardins is a prolific research contributor with 99 publications since 1991. Her work includes 32 journal articles and 67 proceedings papers.,0.4262295081967213
Carla E. Brodley,"Carla E. Brodley is a prolific research contributor with a substantial number of publications. Over the years since 1990, she has published a total of 84 research papers. Out of these, 30 are journal articles, indicating her focus on disseminating her findings in scholarly journals. Additionally, she has presented her work in various conferences, as evident from her 54 proceedings papers. This suggests her involvement in both academic and conference settings, showcasing a breadth of research contributions. Overall, Carla E. Brodley has made a significant impact in her field with her extensive research output.",0.22388059701492535,"Carla E. Brodley is a prolific research contributor with a strong focus on publishing her research findings. She has contributed to a total of 84 publications, consisting of 30 journal articles and 54 proceedings papers since the year 1990.",0.32911392405063294,"Carla E. Brodley is an accomplished research contributor with 84 publications since 1990, including 30 journal articles and 54 proceedings papers.",0.459016393442623
